controlling_entity,incorporation_date,inactive,current_status,registry_url,jurisdiction_code,name,company_number,branch_status,company_type,opencorporates_url,ultimate_beneficial_owners,address_street,address_locality,address_postal_code,address_region,address_country,node_id,parent_node,node_type
None,1976-06-03,False,Active,https://beta.companieshouse.gov.uk/company/01261380,GB,ABILITY HOUSING ASSOCIATION,01261380,Not known,Private limited by guarantee without share capital,https://opencorporates.com/companies/gb/01261380,"[{'ultimate_beneficial_owner': {'name': 'Mr Adrian Polisano', 'opencorporates_url': 'https://opencorporates.com/placeholders/103876985'}}, {'ultimate_beneficial_owner': {'name': 'Ms Sally Jane Reay', 'opencorporates_url': 'https://opencorporates.com/placeholders/106538362'}}, {'ultimate_beneficial_owner': {'name': 'Mr Ian Lines', 'opencorporates_url': 'https://opencorporates.com/placeholders/106538364'}}, {'ultimate_beneficial_owner': {'name': 'Ms Karen Hillhouse', 'opencorporates_url': 'https://opencorporates.com/placeholders/106538472'}}, {'ultimate_beneficial_owner': {'name': 'Ms Nicola Philp', 'opencorporates_url': 'https://opencorporates.com/placeholders/111389168'}}, {'ultimate_beneficial_owner': {'name': 'Mrs Jane Mary Harrison', 'opencorporates_url': 'https://opencorporates.com/placeholders/144190027'}}]","The Coach House, Gresham Road",Staines,TW18 2AE,Not known,United Kingdom,0,0,Organisation
None,None,False,Active,https://beta.companieshouse.gov.uk/company/IP24992R,GB,ACCESS HOMES HOUSING ASSOCIATION LIMITED,IP24992R,Not known,Industrial and Provident Society,https://opencorporates.com/companies/gb/IP24992R,None,Not known,Not known,Not known,Not known,Not known,51,0,Organisation
None,None,False,Active,https://beta.companieshouse.gov.uk/company/IP030786,GB,AMICUSHORIZON LIMITED,IP030786,Not known,Industrial and Provident Society,https://opencorporates.com/companies/gb/IP030786,None,Not known,Not known,Not known,Not known,Not known,52,0,Organisation
None,2003-12-04,False,Dissolved,https://beta.companieshouse.gov.uk/company/04985335,GB,AMICUSHORIZON GROUP FINANCING LIMITED,04985335,Not known,Private limited by guarantee without share capital,https://opencorporates.com/companies/gb/04985335,None,"Grosvenor House, 125 High Street",Croydon,CR0 9XP,Not known,United Kingdom,53,0,Organisation
None,1996-01-18,False,Converted / Closed,https://beta.companieshouse.gov.uk/company/03147851,GB,ANCHOR TRUST,03147851,Not known,Converted / Closed,https://opencorporates.com/companies/gb/03147851,None,"The Heals Building Suites A & B, 3rd Floor, 22-24 Torrington Place",London,WC1E 7HJ,Not known,United Kingdom,88,0,Organisation
None,2001-01-08,False,Active,https://beta.companieshouse.gov.uk/company/04136817,GB,ENGIE IN PARTNERSHIP LIMITED,04136817,Not known,Private Limited Company,https://opencorporates.com/companies/gb/04136817,None,"Shared Services Centre, Q3 Office, Quorum Business Park,, Benton Lane,",Newcastle Upon Tyne,NE12 8EX,Not known,England,161,0,Organisation
None,1976-02-11,False,Active,https://beta.companieshouse.gov.uk/company/01243933,GB,ENGIE REGENERATION (APOLLO) LIMITED,01243933,Not known,Private Limited Company,https://opencorporates.com/companies/gb/01243933,None,"Shared Services Centre, Q3 Office, Quorum Business Park,, Benton Lane",Newcastle Upon Tyne,NE12 8EX,Not known,England,182,0,Organisation
None,None,False,Active,https://beta.companieshouse.gov.uk/company/IP23520R,GB,ARHAG HOUSING ASSOCIATION LIMITED,IP23520R,Not known,Industrial and Provident Society,https://opencorporates.com/companies/gb/IP23520R,None,Not known,Not known,Not known,Not known,Not known,214,0,Organisation
None,None,False,Active,https://beta.companieshouse.gov.uk/company/IP28985R,GB,A2DOMINION HOUSING GROUP LIMITED,IP28985R,Not known,Industrial and Provident Society,https://opencorporates.com/companies/gb/IP28985R,None,Not known,Not known,Not known,Not known,Not known,215,0,Organisation
None,1986-02-20,False,Active,https://beta.companieshouse.gov.uk/company/01991637,GB,AXIS EUROPE PLC,01991637,Not known,Public Limited Company,https://opencorporates.com/companies/gb/01991637,None,3 Tramway Avenue,London,E15 4PN,Not known,England,216,0,Organisation
None,2008-03-22,False,Active,https://beta.companieshouse.gov.uk/company/06541990,GB,AXIS FOUNDATION,06541990,Not known,"Private limited by guarantee without share capital, use of 'Limited' exemption",https://opencorporates.com/companies/gb/06541990,"[{'ultimate_beneficial_owner': {'name': 'Mr John Martin Hayes', 'opencorporates_url': 'https://opencorporates.com/placeholders/110260465'}}]",145-149 Vauxhall Street,London,SE11 5RH,Not known,United Kingdom,239,0,Organisation
None,None,False,Active,https://beta.companieshouse.gov.uk/company/IP21590R,GB,BELGRAVE NEIGHBOURHOOD CO-OPERATIVE HOUSING ASSOCIATION LIMITED,IP21590R,Not known,Industrial and Provident Society,https://opencorporates.com/companies/gb/IP21590R,None,Not known,Not known,Not known,Not known,Not known,248,0,Organisation
None,None,False,Active,https://beta.companieshouse.gov.uk/company/IP22367R,GB,BELGRAVE STREET HOUSING CO-OPERATIVE LIMITED,IP22367R,Not known,Industrial and Provident Society,https://opencorporates.com/companies/gb/IP22367R,None,Not known,Not known,Not known,Not known,Not known,249,0,Organisation
None,1996-01-12,False,Active,https://beta.companieshouse.gov.uk/company/03145504,GB,BENCHLEVEL PROPERTIES LIMITED,03145504,Not known,Private Limited Company,https://opencorporates.com/companies/gb/03145504,"[{'ultimate_beneficial_owner': {'name': 'Mr Graham Howard Hedger', 'opencorporates_url': 'https://opencorporates.com/placeholders/108302707'}}, {'ultimate_beneficial_owner': {'name': 'Mr Warren Bradley Todd', 'opencorporates_url': 'https://opencorporates.com/placeholders/111280124'}}]",30 City Road,London,EC1Y 2AB,Not known,United Kingdom,250,0,Organisation
None,1979-12-17,False,Active,https://beta.companieshouse.gov.uk/company/01467161,GB,ENGIE REGENERATION (BRAMALL) LIMITED,01467161,Not known,Private Limited Company,https://opencorporates.com/companies/gb/01467161,None,"Shared Services Centre, Q3 Office Quorum Business Park, Benton Lane",Newcastle Upon Tyne,NE12 8EX,Not known,England,257,0,Organisation
None,1989-02-16,False,Active,https://beta.companieshouse.gov.uk/company/02348629,GB,BRIDGE HOUSE (HONITON) LIMITED,02348629,Not known,Private Limited Company,https://opencorporates.com/companies/gb/02348629,None,1 High Way,Broadstone,BH18 9NB,Not known,United Kingdom,288,0,Organisation
None,1994-06-27,False,Active,https://beta.companieshouse.gov.uk/company/02942840,GB,THE BROMLEY BY BOW CENTRE,02942840,Not known,"Private limited by guarantee without share capital, use of 'Limited' exemption",https://opencorporates.com/companies/gb/02942840,None,"The Bromley By Bow Centre, St Leonards Street",London,E3 3BT,Not known,United Kingdom,301,0,Organisation
None,2002-09-05,False,Active,https://beta.companieshouse.gov.uk/company/SC236436,GB,CARR GOMM,SC236436,Not known,"Private limited by guarantee without share capital, use of 'Limited' exemption",https://opencorporates.com/companies/gb/SC236436,None,"Craigmillar Social Enterprise And Arts Centre, 11 Harewood Road",Edinburgh,EH16 4NT,Not known,United Kingdom,392,0,Organisation
None,2007-08-22,False,Dissolved,https://beta.companieshouse.gov.uk/company/06350318,GB,CHIGWELL CONSTRUCTION LIMITED,06350318,Not known,Private Limited Company,https://opencorporates.com/companies/gb/06350318,None,"UNIT 8, AARON HOUSE, FOREST ROAD, HAINAULT BUSINESS PARK, ILFORD, ESSEX",UNITED KINGDOM,IG6 3JP,Not known,United Kingdom,458,0,Organisation
None,1996-07-09,False,Active,https://beta.companieshouse.gov.uk/company/03222384,GB,CHIGWELL (LONDON) LIMITED,03222384,Not known,Private Limited Company,https://opencorporates.com/companies/gb/03222384,"[{'ultimate_beneficial_owner': {'name': 'Mr Dean Anthony Floyd', 'opencorporates_url': 'https://opencorporates.com/placeholders/107888146'}}]","Aaron House Unit 8 Hainault Business Park, Forest Road",Hainault,IG6 3JP,Not known,United Kingdom,461,0,Organisation
None,None,False,Converted / Closed,https://beta.companieshouse.gov.uk/company/IP27604R,GB,CIRCLE ANGLIA LIMITED,IP27604R,Not known,Industrial and Provident Society,https://opencorporates.com/companies/gb/IP27604R,None,Not known,Not known,Not known,Not known,Not known,473,0,Organisation
None,1984-07-13,False,Active,https://beta.companieshouse.gov.uk/company/01832817,GB,CIRCLE ANGLIA FOUNDATION LIMITED,01832817,Not known,Private limited by guarantee without share capital,https://opencorporates.com/companies/gb/01832817,None,"Level 6 More London Place, Tooley Street",London,SE1 2DA,Not known,England,474,0,Organisation
None,2007-09-13,False,Active,https://beta.companieshouse.gov.uk/company/06370683,GB,CIRCLE ANGLIA SOCIAL HOUSING PLC,06370683,Not known,Public Limited Company,https://opencorporates.com/companies/gb/06370683,None,Level 6 6 More London Place,London,SE1 2DA,Not known,England,533,0,Organisation
None,2007-03-01,False,Active,https://beta.companieshouse.gov.uk/company/06133979,GB,CLARION TREASURY LIMITED,06133979,Not known,Private Limited Company,https://opencorporates.com/companies/gb/06133979,None,"Level 6 More London Place, Tooley Street",London,SE1 2DA,Not known,England,562,0,Organisation
None,2009-09-13,False,Active,https://beta.companieshouse.gov.uk/company/07017282,GB,CIRCLE HOUSING & SUPPORT LIMITED,07017282,Not known,Private Limited Company,https://opencorporates.com/companies/gb/07017282,"[{'ultimate_beneficial_owner': {'name': 'Mrs Julie Priest', 'opencorporates_url': 'https://opencorporates.com/placeholders/88292375'}}]",344 Harwich Road,Colchester,CO4 3HP,Not known,England,601,0,Organisation
None,2006-03-09,False,Active,https://beta.companieshouse.gov.uk/company/05737166,GB,CIRCLE LIVING LIMITED,05737166,Not known,Private Limited Company,https://opencorporates.com/companies/gb/05737166,None,"Level 6 More London Place, Tooley Street",London,SE1 2DA,Not known,England,603,0,Organisation
None,None,False,Converted / Closed,https://beta.companieshouse.gov.uk/company/IP18652R,GB,CIRCLE THIRTY-THREE HOUSING TRUST LIMITED,IP18652R,Not known,Industrial and Provident Society,https://opencorporates.com/companies/gb/IP18652R,None,Not known,Not known,Not known,Not known,Not known,633,0,Organisation
None,None,False,Active,https://beta.companieshouse.gov.uk/company/IP20453R,GB,ONE HOUSING GROUP LIMITED,IP20453R,Not known,Industrial and Provident Society,https://opencorporates.com/companies/gb/IP20453R,None,Not known,Not known,Not known,Not known,Not known,634,0,Organisation
None,None,False,Active,https://beta.companieshouse.gov.uk/company/IP025045,GB,COMMUNITY WELFARE HOUSING ASSOCIATION LIMITED,IP025045,Not known,Industrial and Provident Society,https://opencorporates.com/companies/gb/IP025045,None,Not known,Not known,Not known,Not known,Not known,635,0,Organisation
None,None,False,Active,https://beta.companieshouse.gov.uk/company/IP17107R,GB,CO-OPERATIVE DEVELOPMENT SOCIETY LIMITED,IP17107R,Not known,Industrial and Provident Society,https://opencorporates.com/companies/gb/IP17107R,None,Not known,Not known,Not known,Not known,Not known,636,0,Organisation
None,1991-02-25,False,Active,https://beta.companieshouse.gov.uk/company/02585598,GB,PLACES FOR PEOPLE LEISURE MANAGEMENT LTD.,02585598,Not known,Private Limited Company,https://opencorporates.com/companies/gb/02585598,None,80 Cheapside,London,EC2V 6EE,Not known,United Kingdom,637,0,Organisation
None,2002-08-21,False,Active,https://beta.companieshouse.gov.uk/company/04516155,GB,EAST END HOMES LIMITED,04516155,Not known,Private limited by guarantee without share capital,https://opencorporates.com/companies/gb/04516155,None,"3 Resolution Plaza, Spitalfields",London,E1 6PS,Not known,United Kingdom,664,0,Organisation
None,2006-06-06,False,Active,https://beta.companieshouse.gov.uk/company/05838745,GB,EAST END HOMES (COMMUNITY DEVELOPMENT) LIMITED,05838745,Not known,Private Limited Company,https://opencorporates.com/companies/gb/05838745,None,"3 Resolution Plaza, Spitalfields",London,E1 6PS,Not known,United Kingdom,722,0,Organisation
None,2006-02-04,False,Dissolved,https://beta.companieshouse.gov.uk/company/05698112,GB,EAST LEGACY LIMITED,05698112,Not known,Private Limited Company,https://opencorporates.com/companies/gb/05698112,None,"29-35 West Ham Lane, Stratford",London,E15 4PH,Not known,United Kingdom,742,0,Organisation
None,2000-10-11,False,Converted / Closed,https://beta.companieshouse.gov.uk/company/04091100,GB,EAST THAMES GROUP LIMITED,04091100,Not known,Converted / Closed,https://opencorporates.com/companies/gb/04091100,None,29-35 West Ham Lane,London,E15 4PH,Not known,United Kingdom,748,0,Organisation
None,2004-03-08,False,Dissolved,https://beta.companieshouse.gov.uk/company/05066739,GB,EAST THAMES SERVICES LIMITED,05066739,Not known,Private Limited Company,https://opencorporates.com/companies/gb/05066739,None,"29-35 West Ham Lane, Stratford",London,E15 4PH,Not known,United Kingdom,793,0,Organisation
None,2003-02-10,False,Dissolved,https://beta.companieshouse.gov.uk/company/04660101,GB,EAST TREASURY LIMITED,04660101,Not known,Private Limited Company,https://opencorporates.com/companies/gb/04660101,None,29-35 West Ham Lane,London,E15 4PH,Not known,United Kingdom,799,0,Organisation
None,None,False,Active,https://beta.companieshouse.gov.uk/company/IP26804R,GB,PEABODY DEVELOPMENTS LIMITED,IP26804R,Not known,Industrial and Provident Society,https://opencorporates.com/companies/gb/IP26804R,None,Not known,Not known,Not known,Not known,Not known,818,0,Organisation
None,None,False,Active,https://beta.companieshouse.gov.uk/company/IP030093,GB,FAMILY MOSAIC HOUSING,IP030093,Not known,Industrial and Provident Society,https://opencorporates.com/companies/gb/IP030093,None,Not known,Not known,Not known,Not known,Not known,819,0,Organisation
None,2004-06-22,False,Active,https://beta.companieshouse.gov.uk/company/05159635,GB,PEABODY CONSTRUCTION LIMITED,05159635,Not known,Private Limited Company,https://opencorporates.com/companies/gb/05159635,None,45 Westminster Bridge Road,London,SE1 7JB,Not known,England,820,0,Organisation
None,2010-10-21,False,Liquidation,https://beta.companieshouse.gov.uk/company/07415643,GB,CHIGWELL (SHEPHERDS BUSH) LIMITED,07415643,Not known,Private Limited Company,https://opencorporates.com/companies/gb/07415643,None,"Mountview Court 1148 High Road, Whetstone",London,N20 0RA,Not known,United Kingdom,845,0,Organisation
None,1959-06-02,False,Active,https://beta.companieshouse.gov.uk/company/00629404,GB,ENGIE REGENERATION (FHM) LIMITED,00629404,Not known,Private Limited Company,https://opencorporates.com/companies/gb/00629404,None,"Shared Services Centre, Q3 Office Quorum Business Park, Benton Lane",Newcastle Upon Tyne,NE12 8EX,Not known,England,848,0,Organisation
None,1999-08-27,False,Active,https://beta.companieshouse.gov.uk/company/03832795,GB,FRESHLEAF HOMES LIMITED,03832795,Not known,Private Limited Company,https://opencorporates.com/companies/gb/03832795,None,45 Westminster Bridge Road,London,SE1 7JB,Not known,United Kingdom,888,0,Organisation
None,None,False,Active,https://beta.companieshouse.gov.uk/company/IP28979R,GB,GALLIONS HOUSING ASSOCIATION LIMITED,IP28979R,Not known,Industrial and Provident Society,https://opencorporates.com/companies/gb/IP28979R,None,Not known,Not known,Not known,Not known,Not known,922,0,Organisation
None,2006-07-05,False,Dissolved,https://beta.companieshouse.gov.uk/company/05867682,GB,GATEWAY COMMUNITY HOUSING ASSOCIATION LTD,05867682,Not known,"PRI/LTD BY GUAR/NSC (Private, limited by guarantee, no share capital)",https://opencorporates.com/companies/gb/05867682,None,100 MELVILLE ROAD,LONDON,NW10 8BT,Not known,United Kingdom,923,0,Organisation
None,None,False,Active,https://beta.companieshouse.gov.uk/company/IP10433R,GB,GATEWAY HOUSING ASSOCIATION LIMITED,IP10433R,Not known,Industrial and Provident Society,https://opencorporates.com/companies/gb/IP10433R,None,Not known,Not known,Not known,Not known,Not known,930,0,Organisation
None,1999-07-02,False,Converted / Closed,https://beta.companieshouse.gov.uk/company/03802456,GB,GENESIS HOUSING GROUP LIMITED,03802456,Not known,Converted / Closed,https://opencorporates.com/companies/gb/03802456,None,"Capital House, 25 Chapel Street",London,NW1 5DT,Not known,United Kingdom,931,0,Organisation
None,None,False,Active,https://beta.companieshouse.gov.uk/company/IP22274R,GB,GLENKERRY CO-OPERATIVE HOUSING ASSOCIATION LIMITED,IP22274R,Not known,Industrial and Provident Society,https://opencorporates.com/companies/gb/IP22274R,None,Not known,Not known,Not known,Not known,Not known,961,0,Organisation
None,None,False,Active,https://beta.companieshouse.gov.uk/company/IP21905R,GB,GRAND UNION HOUSING CO-OPERATIVE LIMITED,IP21905R,Not known,Industrial and Provident Society,https://opencorporates.com/companies/gb/IP21905R,None,Not known,Not known,Not known,Not known,Not known,962,0,Organisation
None,None,False,Active,https://beta.companieshouse.gov.uk/company/IP30388R,GB,GUHG 2018 LIMITED,IP30388R,Not known,Industrial and Provident Society,https://opencorporates.com/companies/gb/IP30388R,None,Not known,Not known,Not known,Not known,Not known,963,0,Organisation
None,None,False,Converted / Closed,https://beta.companieshouse.gov.uk/company/IP031029,GB,GUINNESS SOUTH LIMITED,IP031029,Not known,Converted / Closed,https://opencorporates.com/companies/gb/IP031029,None,Not known,Not known,Not known,Not known,Not known,964,0,Organisation
None,None,False,Active,https://beta.companieshouse.gov.uk/company/IP00172R,GB,HABINTEG HOUSING ASSOCIATION LIMITED,IP00172R,Not known,Industrial and Provident Society,https://opencorporates.com/companies/gb/IP00172R,None,Not known,Not known,Not known,Not known,Not known,965,0,Organisation
None,None,False,Active,https://beta.companieshouse.gov.uk/company/IP19341R,GB,HABINTEG HOUSING ASSOCIATION LIMITED,IP19341R,Not known,Industrial and Provident Society,https://opencorporates.com/companies/gb/IP19341R,None,Not known,Not known,Not known,Not known,Not known,966,0,Organisation
None,None,False,Active,https://beta.companieshouse.gov.uk/company/IP22981R,GB,HOME GROUP LIMITED,IP22981R,Not known,Industrial and Provident Society,https://opencorporates.com/companies/gb/IP22981R,None,Not known,Not known,Not known,Not known,Not known,967,0,Organisation
None,None,False,Active,https://beta.companieshouse.gov.uk/company/IP14044R,GB,INDUSTRIAL DWELLINGS SOCIETY(1885)LIMITED (THE),IP14044R,Not known,Industrial and Provident Society,https://opencorporates.com/companies/gb/IP14044R,None,Not known,Not known,Not known,Not known,Not known,968,0,Organisation
None,None,False,Active,https://beta.companieshouse.gov.uk/company/IP26815R,GB,KARIN HOUSING ASSOCIATION LIMITED,IP26815R,Not known,Industrial and Provident Society,https://opencorporates.com/companies/gb/IP26815R,None,Not known,Not known,Not known,Not known,Not known,969,0,Organisation
None,1986-03-12,False,Active,https://beta.companieshouse.gov.uk/company/01998780,GB,KEEPMOAT LIMITED,01998780,Not known,Private Limited Company,https://opencorporates.com/companies/gb/01998780,"[{'ultimate_beneficial_owner': {'name': 'Mr Stephen James Robertson', 'opencorporates_url': 'https://opencorporates.com/placeholders/100485099'}}, {'ultimate_beneficial_owner': {'name': 'Mr Manjit Dale', 'opencorporates_url': 'https://opencorporates.com/placeholders/100485105'}}]","Keepmoat The Waterfront, Lakeside Boulevard",Doncaster,DN4 5PL,Not known,United Kingdom,970,0,Organisation
None,1987-12-22,False,Active,https://beta.companieshouse.gov.uk/company/02207338,GB,KEEPMOAT HOMES LIMITED,02207338,Not known,Private Limited Company,https://opencorporates.com/companies/gb/02207338,"[{'ultimate_beneficial_owner': {'name': 'Mr Stephen James Robertson', 'opencorporates_url': 'https://opencorporates.com/placeholders/100485099'}}, {'ultimate_beneficial_owner': {'name': 'Mr Manjit Dale', 'opencorporates_url': 'https://opencorporates.com/placeholders/100485105'}}]","Keepmoat The Waterfront, Lakeside Boulevard",Doncaster,DN4 5PL,Not known,United Kingdom,995,0,Organisation
None,2008-09-19,False,Dissolved,https://beta.companieshouse.gov.uk/company/06703185,GB,KEEPMOAT INVESTMENTS LIMITED,06703185,Not known,Private Limited Company,https://opencorporates.com/companies/gb/06703185,None,"The Waterfront, Lakeside Boulevard",Doncaster,DN4 5PL,Not known,United Kingdom,1015,0,Organisation
None,1970-11-16,False,Active,https://beta.companieshouse.gov.uk/company/00994353,GB,KEEPMOAT PROPERTY LIMITED,00994353,Not known,Private Limited Company,https://opencorporates.com/companies/gb/00994353,"[{'ultimate_beneficial_owner': {'name': 'Mr Stephen James Robertson', 'opencorporates_url': 'https://opencorporates.com/placeholders/100485099'}}, {'ultimate_beneficial_owner': {'name': 'Mr Manjit Dale', 'opencorporates_url': 'https://opencorporates.com/placeholders/100485105'}}]","Keepmoat Limited The Waterfront, Lakeside Boulevard",Doncaster,DN4 5PL,Not known,United Kingdom,1021,0,Organisation
None,1983-07-11,False,Active,https://beta.companieshouse.gov.uk/company/01738371,GB,ENGIE REGENERATION LIMITED,01738371,Not known,Private Limited Company,https://opencorporates.com/companies/gb/01738371,None,"Shared Services Centre, Q3 Office Quorum Business Park, Benton Lane",Newcastle Upon Tyne,NE12 8EX,Not known,England,1042,0,Organisation
None,1984-07-16,False,Active,https://beta.companieshouse.gov.uk/company/01833164,GB,KEEPMOAT SITE SERVICES LIMITED,01833164,Not known,Private Limited Company,https://opencorporates.com/companies/gb/01833164,"[{'ultimate_beneficial_owner': {'name': 'Mr Stephen James Robertson', 'opencorporates_url': 'https://opencorporates.com/placeholders/100485099'}}, {'ultimate_beneficial_owner': {'name': 'Mr Manjit Dale', 'opencorporates_url': 'https://opencorporates.com/placeholders/100485105'}}]","Keepmoat The Waterfront, Lakeside Boulevard",Doncaster,DN4 5PL,Not known,United Kingdom,1062,0,Organisation
None,1998-03-18,False,Dissolved,https://beta.companieshouse.gov.uk/company/03533289,GB,LEASIDE REGENERATION LIMITED,03533289,Not known,Private limited by guarantee without share capital,https://opencorporates.com/companies/gb/03533289,None,"167a East India Dock Road, Poplar",London,E14 0EA,Not known,United Kingdom,1076,0,Organisation
None,None,False,Active,https://beta.companieshouse.gov.uk/company/IP030442,GB,ASRA HOUSING GROUP LIMITED,IP030442,Not known,Industrial and Provident Society,https://opencorporates.com/companies/gb/IP030442,None,Not known,Not known,Not known,Not known,Not known,1135,0,Organisation
None,None,False,Active,https://beta.companieshouse.gov.uk/company/IP26206R,GB,LIEN VIET HOUSING ASSOCIATION LIMITED,IP26206R,Not known,Industrial and Provident Society,https://opencorporates.com/companies/gb/IP26206R,None,Not known,Not known,Not known,Not known,Not known,1136,0,Organisation
None,None,False,Active,https://beta.companieshouse.gov.uk/company/IP030441,GB,LONDON & QUADRANT HOUSING TRUST LIMITED,IP030441,Not known,Industrial and Provident Society,https://opencorporates.com/companies/gb/IP030441,None,Not known,Not known,Not known,Not known,Not known,1137,0,Organisation
None,2008-02-12,False,Active,https://beta.companieshouse.gov.uk/company/06502055,GB,LOOK AHEAD DEVELOPMENTS LIMITED,06502055,Not known,Private Limited Company,https://opencorporates.com/companies/gb/06502055,None,"Kings Buildings, 16 Smith Square",London,SW1P 3HQ,Not known,United Kingdom,1138,0,Organisation
None,None,False,Active,https://beta.companieshouse.gov.uk/company/IP21004R,GB,LOOK AHEAD CARE AND SUPPORT LIMITED,IP21004R,Not known,Industrial and Provident Society,https://opencorporates.com/companies/gb/IP21004R,None,Not known,Not known,Not known,Not known,Not known,1151,0,Organisation
None,1996-08-01,False,Active,https://beta.companieshouse.gov.uk/company/03232863,GB,MEARS GROUP PLC,03232863,Not known,Public Limited Company,https://opencorporates.com/companies/gb/03232863,None,"1390 Montpellier Court, Gloucester Business Park",Brockworth,GL3 4AH,Not known,United Kingdom,1152,0,Organisation
None,None,False,Converted / Closed,https://beta.companieshouse.gov.uk/company/IP16836R,GB,MERCIAN HOUSING ASSOCIATION LIMITED,IP16836R,Not known,Industrial and Provident Society,https://opencorporates.com/companies/gb/IP16836R,None,Not known,Not known,Not known,Not known,Not known,1182,0,Organisation
None,None,False,Active,https://beta.companieshouse.gov.uk/company/IP16337R,GB,METROPOLITAN HOUSING TRUST LIMITED,IP16337R,Not known,Industrial and Provident Society,https://opencorporates.com/companies/gb/IP16337R,None,Not known,Not known,Not known,Not known,Not known,1183,0,Organisation
None,None,False,Active,https://beta.companieshouse.gov.uk/company/IP21847R,GB,MILE END HOUSING CO-OPERATIVE (THE),IP21847R,Not known,Industrial and Provident Society,https://opencorporates.com/companies/gb/IP21847R,None,Not known,Not known,Not known,Not known,Not known,1184,0,Organisation
None,2007-03-23,False,Active,https://beta.companieshouse.gov.uk/company/06182287,GB,ENGIE PROPERTY SERVICES LIMITED,06182287,Not known,Private Limited Company,https://opencorporates.com/companies/gb/06182287,None,"Shared Services Centre, Q3 Office,, Quorum Business Park, Benton Lane",Newcastle Upon Tyne,NE12 8EX,Not known,England,1185,0,Organisation
None,None,False,Active,https://beta.companieshouse.gov.uk/company/IP27943R,GB,MOAT HOUSING GROUP LIMITED,IP27943R,Not known,Industrial and Provident Society,https://opencorporates.com/companies/gb/IP27943R,None,Not known,Not known,Not known,Not known,Not known,1204,0,Organisation
None,None,False,Converted / Closed,https://beta.companieshouse.gov.uk/company/IP30312R,GB,MOLE VALLEY HOUSING ASSOCIATION LIMITED,IP30312R,Not known,Industrial and Provident Society,https://opencorporates.com/companies/gb/IP30312R,None,Not known,Not known,Not known,Not known,Not known,1205,0,Organisation
None,None,False,Converted / Closed,https://beta.companieshouse.gov.uk/company/IP29543R,GB,NETWORK HOUSING GROUP LIMITED,IP29543R,Not known,Industrial and Provident Society,https://opencorporates.com/companies/gb/IP29543R,None,Not known,Not known,Not known,Not known,Not known,1206,0,Organisation
None,None,False,Active,https://beta.companieshouse.gov.uk/company/IP18449R,GB,NEWLON HOUSING TRUST,IP18449R,Not known,Industrial and Provident Society,https://opencorporates.com/companies/gb/IP18449R,None,Not known,Not known,Not known,Not known,Not known,1207,0,Organisation
None,None,False,Active,https://beta.companieshouse.gov.uk/company/IP26406R,GB,NORTH LONDON MUSLIM HOUSING ASSOCIATION LIMITED,IP26406R,Not known,Industrial and Provident Society,https://opencorporates.com/companies/gb/IP26406R,None,Not known,Not known,Not known,Not known,Not known,1208,0,Organisation
None,None,False,Active,https://beta.companieshouse.gov.uk/company/IP23066R,GB,NOTTING HILL HOME OWNERSHIP LTD,IP23066R,Not known,Industrial and Provident Society,https://opencorporates.com/companies/gb/IP23066R,None,Not known,Not known,Not known,Not known,Not known,1209,0,Organisation
None,None,False,Active,https://beta.companieshouse.gov.uk/company/IP16558R,GB,NOTTING HILL HOUSING TRUST,IP16558R,Not known,Industrial and Provident Society,https://opencorporates.com/companies/gb/IP16558R,None,Not known,Not known,Not known,Not known,Not known,1210,0,Organisation
None,1979-12-19,False,Dissolved,https://beta.companieshouse.gov.uk/company/01467685,GB,NOTTING HILL HOUSING TRUST SHOPS LIMITED,01467685,Not known,Private Limited Company,https://opencorporates.com/companies/gb/01467685,None,"1 BUTTERWICK, METRO BUILDING, HAMMERSMITH",LONDON,W6 8DL,Not known,United Kingdom,1211,0,Organisation
None,1997-12-22,False,Converted / Closed,https://beta.companieshouse.gov.uk/company/03487210,GB,OLD FORD HOUSING ASSOCIATION,03487210,Not known,Converted / Closed,https://opencorporates.com/companies/gb/03487210,None,"Two Pancras Square, King's Cross",London,N1C 4AG,Not known,United Kingdom,1253,0,Organisation
None,None,False,Converted / Closed,https://beta.companieshouse.gov.uk/company/IP30236R,GB,THE ONE HOUSING GROUP 2011 LIMITED,IP30236R,Not known,Converted / Closed,https://opencorporates.com/companies/gb/IP30236R,None,Not known,Not known,Not known,Not known,Not known,1307,0,Organisation
None,None,False,Active,https://beta.companieshouse.gov.uk/company/IP28503R,GB,ORBIT GROUP LIMITED,IP28503R,Not known,Industrial and Provident Society,https://opencorporates.com/companies/gb/IP28503R,None,Not known,Not known,Not known,Not known,Not known,1308,0,Organisation
None,2009-07-02,False,Active,https://beta.companieshouse.gov.uk/company/06950748,GB,ORBIT HOMES (2020) LIMITED,06950748,Not known,Private Limited Company,https://opencorporates.com/companies/gb/06950748,None,"Garden Court Harry Weston Road, Binley Business Park",Coventry,CV3 2SU,Not known,United Kingdom,1309,0,Organisation
None,None,False,Active,https://beta.companieshouse.gov.uk/company/IP10008R,GB,ORIGIN HOUSING LIMITED,IP10008R,Not known,Industrial and Provident Society,https://opencorporates.com/companies/gb/IP10008R,None,Not known,Not known,Not known,Not known,Not known,1325,0,Organisation
None,2000-10-09,False,Active,https://beta.companieshouse.gov.uk/company/04086030,GB,PLACES FOR PEOPLE DEVELOPMENTS LIMITED,04086030,Not known,Private Limited Company,https://opencorporates.com/companies/gb/04086030,None,80 Cheapside,London,EC2V 6EE,Not known,United Kingdom,1326,0,Organisation
None,2005-09-07,False,Active,https://beta.companieshouse.gov.uk/company/05555828,GB,PLACES FOR PEOPLE FINANCIAL SERVICES LIMITED,05555828,Not known,Private Limited Company,https://opencorporates.com/companies/gb/05555828,None,80 Cheapside,London,EC2V 6EE,Not known,United Kingdom,1343,0,Organisation
None,1999-05-20,False,Active,https://beta.companieshouse.gov.uk/company/03777037,GB,PLACES FOR PEOPLE GROUP LIMITED,03777037,Not known,Private limited by guarantee without share capital,https://opencorporates.com/companies/gb/03777037,None,80 Cheapside,London,EC2V 6EE,Not known,United Kingdom,1357,0,Organisation
None,None,False,Active,https://beta.companieshouse.gov.uk/company/IP19447R,GB,PLACES FOR PEOPLE HOMES LIMITED,IP19447R,Not known,Industrial and Provident Society,https://opencorporates.com/companies/gb/IP19447R,None,Not known,Not known,Not known,Not known,Not known,1422,0,Organisation
None,None,False,Active,https://beta.companieshouse.gov.uk/company/IP20014R,GB,PLACES FOR PEOPLE LIVING + LIMITED,IP20014R,Not known,Industrial and Provident Society,https://opencorporates.com/companies/gb/IP20014R,None,Not known,Not known,Not known,Not known,Not known,1423,0,Organisation
None,1986-02-19,False,Active,https://beta.companieshouse.gov.uk/company/01991227,GB,PLACES FOR PEOPLE LANDSCAPES LIMITED,01991227,Not known,Private Limited Company,https://opencorporates.com/companies/gb/01991227,None,80 Cheapside,London,EC2V 6EE,Not known,United Kingdom,1424,0,Organisation
None,1976-11-03,False,Active,https://beta.companieshouse.gov.uk/company/01284754,GB,PLACES IMPACT,01284754,Not known,Private limited by guarantee without share capital,https://opencorporates.com/companies/gb/01284754,None,80 Cheapside,London,EC2V 6EE,Not known,United Kingdom,1441,0,Organisation
None,2004-11-16,False,Active,https://beta.companieshouse.gov.uk/company/05287815,GB,POPLAR HARCA (DEVELOPMENTS) LIMITED,05287815,Not known,Private Limited Company,https://opencorporates.com/companies/gb/05287815,None,"George Green Building, 155 East India Dock Road",London,E14 6DA,Not known,England,1513,0,Organisation
None,1997-11-13,False,Active,https://beta.companieshouse.gov.uk/company/03464996,GB,POPLAR HARCA PROJECTS LIMITED,03464996,Not known,Private Limited Company,https://opencorporates.com/companies/gb/03464996,None,"George Green Building, 155 East India Dock Road",London,E14 6DA,Not known,England,1524,0,Organisation
None,1996-09-13,False,Converted / Closed,https://beta.companieshouse.gov.uk/company/03249344,GB,POPLAR HOUSING AND REGENERATION COMMUNITY ASSOCIATION LIMITED,03249344,Not known,Converted / Closed,https://opencorporates.com/companies/gb/03249344,None,"167a East India Dock Road, London",,E14 0EA,Not known,United Kingdom,1537,0,Organisation
None,2001-10-04,False,Dissolved,https://beta.companieshouse.gov.uk/company/04299246,GB,PRIME CARE COMMUNITY SERVICES LIMITED,04299246,Not known,Private Limited Company,https://opencorporates.com/companies/gb/04299246,None,"Windsor House, Bayshill Road",Cheltenham,GL50 3AT,Not known,United Kingdom,1624,0,Organisation
None,None,False,Active,https://beta.companieshouse.gov.uk/company/IP19322R,GB,PROVIDENCE (ROW) FAMILIES HOUSING ASSOCIATION,IP19322R,Not known,Industrial and Provident Society,https://opencorporates.com/companies/gb/IP19322R,None,Not known,Not known,Not known,Not known,Not known,1642,0,Organisation
None,None,False,Active,https://beta.companieshouse.gov.uk/company/IP030938,GB,THE RIVERSIDE GROUP LIMITED,IP030938,Not known,Industrial and Provident Society,https://opencorporates.com/companies/gb/IP030938,None,Not known,Not known,Not known,Not known,Not known,1643,0,Organisation
None,1978-07-24,False,Active,https://beta.companieshouse.gov.uk/company/01379927,GB,RIVERSIDE GROUP PENSION TRUSTEES LIMITED,01379927,Not known,Private limited by guarantee without share capital,https://opencorporates.com/companies/gb/01379927,None,"2 Estuary Boulevard, Estuary Commerce Park, Speke",Liverpool,L24 8RF,Not known,United Kingdom,1644,0,Organisation
None,None,False,Active,https://beta.companieshouse.gov.uk/company/IP16448R,GB,RIVERSIDE HOUSING (DUNSTABLE) LIMITED,IP16448R,Not known,Industrial and Provident Society,https://opencorporates.com/companies/gb/IP16448R,None,Not known,Not known,Not known,Not known,Not known,1676,0,Organisation
None,2001-04-02,False,Active,https://beta.companieshouse.gov.uk/company/04192387,GB,RIVERSIDE REGENERATION LIMITED,04192387,Not known,Private Limited Company,https://opencorporates.com/companies/gb/04192387,None,"2 Estuary Boulevard, Estuary Commerce Park",Liverpool,L24 8RF,Not known,United Kingdom,1677,0,Organisation
None,None,False,Converted / Closed,https://beta.companieshouse.gov.uk/company/IP30161R,GB,RODDONS HOUSING ASSOCIATION LIMITED,IP30161R,Not known,Industrial and Provident Society,https://opencorporates.com/companies/gb/IP30161R,None,Not known,Not known,Not known,Not known,Not known,1697,0,Organisation
None,None,False,Active,https://beta.companieshouse.gov.uk/company/IP15210R,GB,SALVATION ARMY HOUSING ASSOCIATION,IP15210R,Not known,Industrial and Provident Society,https://opencorporates.com/companies/gb/IP15210R,None,Not known,Not known,Not known,Not known,Not known,1698,0,Organisation
None,None,False,Active,https://beta.companieshouse.gov.uk/company/IP19059R,GB,SANCTUARY HOUSING ASSOCIATION,IP19059R,Not known,Industrial and Provident Society,https://opencorporates.com/companies/gb/IP19059R,None,Not known,Not known,Not known,Not known,Not known,1699,0,Organisation
None,None,False,Active,https://beta.companieshouse.gov.uk/company/IP21666R,GB,SEYMOUR HOUSING CO-OPERATIVE LIMITED,IP21666R,Not known,Industrial and Provident Society,https://opencorporates.com/companies/gb/IP21666R,None,Not known,Not known,Not known,Not known,Not known,1700,0,Organisation
None,None,False,Converted / Closed,https://beta.companieshouse.gov.uk/company/IP19574R,GB,SHAFTESBURY HOUSING ASSOCIATION,IP19574R,Not known,Converted / Closed,https://opencorporates.com/companies/gb/IP19574R,None,Not known,Not known,Not known,Not known,Not known,1701,0,Organisation
None,None,False,Removed,https://beta.companieshouse.gov.uk/company/IP27530R,GB,SHAFTESBURY HOUSING ASSOCIATION (NO2) LIMITED,IP27530R,Not known,Not known,https://opencorporates.com/companies/gb/IP27530R,None,Not known,Not known,Not known,Not known,Not known,1702,0,Organisation
None,None,False,Active,https://beta.companieshouse.gov.uk/company/IP16442R,GB,SHEPHERDS BUSH HOUSING ASSOCIATION LIMITED,IP16442R,Not known,Industrial and Provident Society,https://opencorporates.com/companies/gb/IP16442R,None,Not known,Not known,Not known,Not known,Not known,1703,0,Organisation
None,None,False,Active,https://beta.companieshouse.gov.uk/company/IP18521R,GB,SOUTHERN HOME OWNERSHIP LIMITED,IP18521R,Not known,Industrial and Provident Society,https://opencorporates.com/companies/gb/IP18521R,None,Not known,Not known,Not known,Not known,Not known,1704,0,Organisation
None,None,False,Converted / Closed,https://beta.companieshouse.gov.uk/company/IP16905R,GB,SOUTHWARK AND LONDON DIOCESAN HOUSING ASSOCIATION LIMITED,IP16905R,Not known,Industrial and Provident Society,https://opencorporates.com/companies/gb/IP16905R,None,Not known,Not known,Not known,Not known,Not known,1705,0,Organisation
None,None,False,Active,https://beta.companieshouse.gov.uk/company/IP22649R,GB,SPITALFIELDS HOUSING ASSOCIATION LIMITED,IP22649R,Not known,Industrial and Provident Society,https://opencorporates.com/companies/gb/IP22649R,None,Not known,Not known,Not known,Not known,Not known,1706,0,Organisation
None,None,False,Converted / Closed,https://beta.companieshouse.gov.uk/company/IP21060R,GB,NETWORK STADIUM HOUSING ASSOCIATION LIMITED,IP21060R,Not known,Industrial and Provident Society,https://opencorporates.com/companies/gb/IP21060R,None,Not known,Not known,Not known,Not known,Not known,1707,0,Organisation
None,None,False,Converted / Closed,https://beta.companieshouse.gov.uk/company/IP20598R,GB,ST MUNGO COMMUNITY HOUSING ASSOCIATION LIMITED,IP20598R,Not known,Converted / Closed,https://opencorporates.com/companies/gb/IP20598R,None,Not known,Not known,Not known,Not known,Not known,1708,0,Organisation
None,2004-02-19,False,Active,https://beta.companieshouse.gov.uk/company/05049913,GB,PLACES FOR PEOPLE LEISURE COMMUNITY ASSOCIATION LTD.,05049913,Not known,Private limited by guarantee without share capital,https://opencorporates.com/companies/gb/05049913,None,80 Cheapside,London,EC2V 6EE,Not known,United Kingdom,1709,0,Organisation
None,None,False,Active,https://beta.companieshouse.gov.uk/company/IP28496R,GB,SWAN HOUSING ASSOCIATION LIMITED,IP28496R,Not known,Industrial and Provident Society,https://opencorporates.com/companies/gb/IP28496R,None,Not known,Not known,Not known,Not known,Not known,1716,0,Organisation
None,None,False,Converted / Closed,https://beta.companieshouse.gov.uk/company/IP28497R,GB,SWAN (LONDON) HOUSING ASSOCIATION LIMITED,IP28497R,Not known,Industrial and Provident Society,https://opencorporates.com/companies/gb/IP28497R,None,Not known,Not known,Not known,Not known,Not known,1717,0,Organisation
None,2003-02-10,False,Dissolved,https://beta.companieshouse.gov.uk/company/04660097,GB,THAMES GATEWAY HOMES LIMITED,04660097,Not known,Private Limited Company,https://opencorporates.com/companies/gb/04660097,None,"29 - 35, West Ham Lane",London,E15 4PH,Not known,United Kingdom,1718,0,Organisation
None,2007-03-20,False,Active,https://beta.companieshouse.gov.uk/company/06171492,GB,THCH NEW HOMES LIMITED,06171492,Not known,Private Limited Company,https://opencorporates.com/companies/gb/06171492,None,"285 Commercial Road, Stepney",London,E1 2PS,Not known,United Kingdom,1724,0,Organisation
None,2006-04-07,False,Active,https://beta.companieshouse.gov.uk/company/05774463,GB,AARON BUILDING SUPPLIES LTD,05774463,Not known,Private Limited Company,https://opencorporates.com/companies/gb/05774463,"[{'ultimate_beneficial_owner': {'name': 'Mr Dean Anthony Floyd', 'opencorporates_url': 'https://opencorporates.com/placeholders/107804302'}}]","Unit 8, Aaron House, Forest Road, Hainault Business Park",Ilford,IG6 3JP,Not known,United Kingdom,1749,0,Organisation
None,1982-07-23,False,Active,https://beta.companieshouse.gov.uk/company/01653722,GB,TOWER HAMLETS COMMUNITY CHURCH,01653722,Not known,Private limited by guarantee without share capital,https://opencorporates.com/companies/gb/01653722,None,"Lansbury Lodge, 117 Richard Street",London,E14 6EQ,Not known,United Kingdom,1756,0,Organisation
None,1998-07-03,False,Converted / Closed,https://beta.companieshouse.gov.uk/company/03595080,GB,TOWER HAMLETS COMMUNITY HOUSING LIMITED,03595080,Not known,Converted / Closed,https://opencorporates.com/companies/gb/03595080,None,"285 Commercial Road, Stepney",London,E1 2PS,Not known,United Kingdom,1784,0,Organisation
None,2007-05-16,False,Active,https://beta.companieshouse.gov.uk/company/06249790,GB,TOWER HAMLETS HOMES LIMITED,06249790,Not known,Private limited by guarantee without share capital,https://opencorporates.com/companies/gb/06249790,None,"Boatmans House, 2 Selsdon Way",London,E14 9GL,Not known,England,1867,0,Organisation
None,2005-06-24,False,Dissolved,https://beta.companieshouse.gov.uk/company/05490875,GB,2012 HOMES LIMITED,05490875,Not known,Private Limited Company,https://opencorporates.com/companies/gb/05490875,None,"29-35 West Ham Lane, Stratford",London,E15 4PH,Not known,United Kingdom,1924,0,Organisation
None,2005-06-24,False,Dissolved,https://beta.companieshouse.gov.uk/company/05490733,GB,2012 HOUSING LIMITED,05490733,Not known,Private Limited Company,https://opencorporates.com/companies/gb/05490733,None,"29 - 35, West Ham Lane",London,E15 4PH,Not known,United Kingdom,1930,0,Organisation
None,2002-09-25,False,Active,https://beta.companieshouse.gov.uk/company/04544532,GB,VETERANS AID,04544532,Not known,"Private limited by guarantee without share capital, use of 'Limited' exemption",https://opencorporates.com/companies/gb/04544532,None,27 Victoria Square,London,SW1W 0RB,Not known,England,1936,0,Organisation
None,None,False,Active,https://beta.companieshouse.gov.uk/company/IP17128R,GB,MISSION HOUSING ASSOCIATION LIMITED,IP17128R,Not known,Industrial and Provident Society,https://opencorporates.com/companies/gb/IP17128R,None,Not known,Not known,Not known,Not known,Not known,1973,0,Organisation
None,None,False,Active,https://beta.companieshouse.gov.uk/company/IP23323R,GB,WILFRID EAST LONDON HOUSING CO-OPERATIVE LIMITED,IP23323R,Not known,Industrial and Provident Society,https://opencorporates.com/companies/gb/IP23323R,None,Not known,Not known,Not known,Not known,Not known,1974,0,Organisation
None,2007-09-14,False,Active,https://beta.companieshouse.gov.uk/company/06371331,GB,WILLOW VIEW AND BRIDGE HOUSE MANAGEMENT COMPANY LIMITED,06371331,Not known,Private limited by guarantee without share capital,https://opencorporates.com/companies/gb/06371331,None,11 Little Park Farm Road,Fareham,PO15 5SN,Not known,England,1975,0,Organisation
None,2004-04-02,False,Active,https://beta.companieshouse.gov.uk/company/05092192,GB,PURLEY CLOSE LTD,05092192,Not known,Private Limited Company,https://opencorporates.com/companies/gb/05092192,"[{'ultimate_beneficial_owner': {'name': 'Mr Dean Anthony Floyd', 'opencorporates_url': 'https://opencorporates.com/placeholders/110749428'}}]","Unit 8, Aaron House, Forest Road, Hainault Business Park",Ilford,IG6 3JP,Not known,United Kingdom,1998,0,Organisation
None,1994-12-06,False,Active,https://beta.companieshouse.gov.uk/company/02998648,GB,YOUR LIFESPACE LIMITED,02998648,Not known,Private Limited Company,https://opencorporates.com/companies/gb/02998648,None,"Level 6 More London Place, More London Place",London,SE1 2DA,Not known,England,2008,0,Organisation
None,2004-11-04,False,Dissolved,https://beta.companieshouse.gov.uk/company/05278477,GB,CHIGWELL CONSTRUCTION LIMITED,05278477,Not known,Private Limited Company,https://opencorporates.com/companies/gb/05278477,None,12E MANOR ROAD,LONDON,N16 5JA,Not known,United Kingdom,2065,0,Organisation
None,1994-04-25,False,Dissolved,https://beta.companieshouse.gov.uk/company/02922227,GB,DAF CONSTRUCTION LIMITED,02922227,Not known,Private Limited Company,https://opencorporates.com/companies/gb/02922227,None,"THE OLD EXCHANGE, 234 SOUTHCHURCH ROAD",SOUTHEND ON SEA,SS1 2EG,Not known,United Kingdom,2072,0,Organisation
None,2005-09-13,False,Dissolved,https://beta.companieshouse.gov.uk/company/05561925,GB,PLACES FOR PEOPLE LIMITED,05561925,Not known,Private Limited Company,https://opencorporates.com/companies/gb/05561925,None,"1 CHELMSFORD WALK, ST ANNES",BRISTOL,BS44DD,Not known,United Kingdom,2082,0,Organisation
None,2011-06-13,False,Active,https://beta.companieshouse.gov.uk/company/07666995,GB,CLC UTILITIES HOLDINGS LIMITED,07666995,Not known,Private Limited Company,https://opencorporates.com/companies/gb/07666995,"[{'ultimate_beneficial_owner': {'name': 'Susan Debbie Floyd', 'opencorporates_url': 'https://opencorporates.com/placeholders/106656196'}}, {'ultimate_beneficial_owner': {'name': 'Susan Debbie Floyd', 'opencorporates_url': 'https://opencorporates.com/placeholders/138197052'}}, {'ultimate_beneficial_owner': {'name': 'Mr Anthony John Jupp', 'opencorporates_url': 'https://opencorporates.com/placeholders/103876748'}}, {'ultimate_beneficial_owner': {'name': 'Linda Carol Jupp', 'opencorporates_url': 'https://opencorporates.com/placeholders/141026579'}}]",3 Lonsdale Gardens,Tunbridge Wells,TN1 1NX,Not known,United Kingdom,2086,0,Organisation
None,2011-05-23,False,Active,https://beta.companieshouse.gov.uk/company/07643985,GB,ORIGIN HOUSING DEVELOPMENTS LIMITED,07643985,Not known,Private Limited Company,https://opencorporates.com/companies/gb/07643985,None,"St Richards House, 110 Eversholt Street",London,NW1 1BS,Not known,United Kingdom,2093,0,Organisation
None,2011-05-05,False,Active,https://beta.companieshouse.gov.uk/company/07623063,GB,PLACES FOR PEOPLE CAPITAL MARKETS PLC,07623063,Not known,Public Limited Company,https://opencorporates.com/companies/gb/07623063,None,80 Cheapside,London,EC2V 6EE,Not known,United Kingdom,2106,0,Organisation
None,2011-05-24,False,Active,https://beta.companieshouse.gov.uk/company/07645599,GB,ST MARGARET'S HOUSE,07645599,Not known,"Private limited by guarantee without share capital, use of 'Limited' exemption",https://opencorporates.com/companies/gb/07645599,"[{'ultimate_beneficial_owner': {'name': 'Mr Anthony James Hardie', 'opencorporates_url': 'https://opencorporates.com/placeholders/85938368'}}]",21 Old Ford Road,London,E2 9PL,Not known,United Kingdom,2112,0,Organisation
None,None,False,Converted / Closed,https://beta.companieshouse.gov.uk/company/IP031412,GB,AFFINITY SUTTON HOMES LIMITED,IP031412,Not known,Industrial and Provident Society,https://opencorporates.com/companies/gb/IP031412,None,Not known,Not known,Not known,Not known,Not known,2130,0,Organisation
None,2012-02-02,False,Active,https://beta.companieshouse.gov.uk/company/07933814,GB,OPTIVO FINANCE PLC,07933814,Not known,Public Limited Company,https://opencorporates.com/companies/gb/07933814,None,"Grosvenor House, 125 High Street",Croydon,CR0 9XP,Not known,United Kingdom,2131,0,Organisation
None,2012-03-09,False,Active,https://beta.companieshouse.gov.uk/company/07984573,GB,EAST FINANCE PLC,07984573,Not known,Public Limited Company,https://opencorporates.com/companies/gb/07984573,None,"29-35 West Ham Lane, Stratford",London,E15 4PH,Not known,United Kingdom,2140,0,Organisation
None,None,False,Active,https://beta.companieshouse.gov.uk/company/IP031055,GB,SOUTHERN HOUSING GROUP LIMITED,IP031055,Not known,Industrial and Provident Society,https://opencorporates.com/companies/gb/IP031055,None,Not known,Not known,Not known,Not known,Not known,2153,0,Organisation
None,2012-07-20,False,Active,https://beta.companieshouse.gov.uk/company/08151660,GB,PLACES FOR PEOPLE INTERNATIONAL LIMITED,08151660,Not known,Private Limited Company,https://opencorporates.com/companies/gb/08151660,None,80 Cheapside,London,EC2V 6EE,Not known,United Kingdom,2154,0,Organisation
None,2012-09-24,False,Active,https://beta.companieshouse.gov.uk/company/08225808,GB,ST MUNGO COMMUNITY HOUSING ASSOCIATION,08225808,Not known,"Private limited by guarantee without share capital, use of 'Limited' exemption",https://opencorporates.com/companies/gb/08225808,None,5th Floor 3 Thomas More Square,London,E1W 1YW,Not known,England,2162,0,Organisation
None,2012-11-29,False,Active,https://beta.companieshouse.gov.uk/company/08313538,GB,ENGIE LEEDS PFI LIMITED,08313538,Not known,Private Limited Company,https://opencorporates.com/companies/gb/08313538,"[{'ultimate_beneficial_owner': {'name': 'Mr Stephen James Robertson', 'opencorporates_url': 'https://opencorporates.com/placeholders/100485099'}}, {'ultimate_beneficial_owner': {'name': 'Mr Manjit Dale', 'opencorporates_url': 'https://opencorporates.com/placeholders/100485105'}}]","Shared Services Centre, Q3 Office Quorum Business Park, Benton Lane",Newcastle Upon Tyne,NE12 8EX,Not known,England,2196,0,Organisation
None,2012-12-07,False,Active,https://beta.companieshouse.gov.uk/company/08322706,GB,PLACES FOR PEOPLE GREEN SERVICES LIMITED,08322706,Not known,Private Limited Company,https://opencorporates.com/companies/gb/08322706,None,80 Cheapside,London,EC2V 6EE,Not known,United Kingdom,2205,0,Organisation
None,2013-01-16,False,Active,https://beta.companieshouse.gov.uk/company/08363432,GB,PLACES FOR PEOPLE LEISURE LIMITED,08363432,Not known,Private limited by guarantee without share capital,https://opencorporates.com/companies/gb/08363432,None,80 Cheapside,London,EC2V 6EE,Not known,United Kingdom,2215,0,Organisation
None,None,False,Active,https://beta.companieshouse.gov.uk/company/IP031985,GB,ORIGIN HOUSING 2 LIMITED,IP031985,Not known,Industrial and Provident Society,https://opencorporates.com/companies/gb/IP031985,None,Not known,Not known,Not known,Not known,Not known,2224,0,Organisation
None,2013-04-04,False,Active,https://beta.companieshouse.gov.uk/company/08472923,GB,POPLAR HARCA CAPITAL PLC,08472923,Not known,Public Limited Company,https://opencorporates.com/companies/gb/08472923,None,"George Green Building, 155 East India Dock Road",London,E14 6DA,Not known,England,2225,0,Organisation
None,2013-05-02,False,Active,https://beta.companieshouse.gov.uk/company/08514907,GB,ENGIE REGENERATION HOLDINGS LIMITED,08514907,Not known,Private Limited Company,https://opencorporates.com/companies/gb/08514907,None,"Shared Services Centre, Q3 Office Quorum Business Park, Benton Lane",Newcastle Upon Tyne,NE12 8EX,Not known,England,2231,0,Organisation
None,2013-05-29,False,Active,https://beta.companieshouse.gov.uk/company/08547908,GB,PLACES FOR PEOPLE PENSION CAR LIMITED,08547908,Not known,Private Limited Company,https://opencorporates.com/companies/gb/08547908,None,80 Cheapside,London,EC2V 6EE,Not known,United Kingdom,2242,0,Organisation
None,2013-06-28,False,Active,https://beta.companieshouse.gov.uk/company/08589484,GB,PLACES FOR PEOPLE PENSION TRUSTEE LIMITED,08589484,Not known,Private Limited Company,https://opencorporates.com/companies/gb/08589484,None,80 Cheapside,London,EC2V 6EE,Not known,United Kingdom,2246,0,Organisation
None,2013-09-12,False,Dissolved,https://beta.companieshouse.gov.uk/company/08688832,GB,QUANTITY SURVEYING (LONDON) LTD,08688832,Not known,Private Limited Company,https://opencorporates.com/companies/gb/08688832,None,"124 LONG GREEN, CHIGWELL",ESSEX,IG7 4JE,Not known,United Kingdom,2262,0,Organisation
None,2013-10-18,False,Active,https://beta.companieshouse.gov.uk/company/08738271,GB,AXIS EUROPE HOLDINGS LIMITED,08738271,Not known,Private Limited Company,https://opencorporates.com/companies/gb/08738271,"[{'ultimate_beneficial_owner': {'name': 'Mr John Martin Hayes', 'opencorporates_url': 'https://opencorporates.com/placeholders/101558315'}}]",3 Tramway Avenue,London,E15 4PN,Not known,England,2265,0,Organisation
None,2013-10-21,False,Active,https://beta.companieshouse.gov.uk/company/08740550,GB,PLACES FOR PEOPLE ARRANGEMENTS 1 LIMITED,08740550,Not known,Private Limited Company,https://opencorporates.com/companies/gb/08740550,None,80 Cheapside,London,EC2V 6EE,Not known,United Kingdom,2269,0,Organisation
None,2013-12-20,False,Active,https://beta.companieshouse.gov.uk/company/08822471,GB,CIRCLE HOUSING ASSET DESIGN LIMITED,08822471,Not known,Private Limited Company,https://opencorporates.com/companies/gb/08822471,None,"Level 6 More London Place, Tooley Street",London,SE1 2DA,Not known,England,2274,0,Organisation
None,2014-04-04,False,Active,https://beta.companieshouse.gov.uk/company/08980157,GB,PLACES FOR PEOPLE LEISURE PARTNERSHIPS,08980157,Not known,"Private limited by guarantee without share capital, use of 'Limited' exemption",https://opencorporates.com/companies/gb/08980157,None,80 Cheapside,London,EC2V 6EE,Not known,United Kingdom,2285,0,Organisation
None,2014-06-25,False,Active,https://beta.companieshouse.gov.uk/company/09102384,GB,PLACES FOR PEOPLE DEVELOPMENTS (PRS) LIMITED,09102384,Not known,Private Limited Company,https://opencorporates.com/companies/gb/09102384,None,80 Cheapside,London,EC2V 6EE,Not known,United Kingdom,2290,0,Organisation
None,2014-08-01,False,Active,https://beta.companieshouse.gov.uk/company/09158606,GB,SENIOR LIVING (WARWICK GATES) LIMITED,09158606,Not known,Private Limited Company,https://opencorporates.com/companies/gb/09158606,None,"The Stanley Building 7, St Pancras Square",London,N1C 4AG,Not known,England,2294,0,Organisation
None,2014-09-18,False,Active,https://beta.companieshouse.gov.uk/company/09225450,GB,RIVERSIDE FINANCE PLC,09225450,Not known,Public Limited Company,https://opencorporates.com/companies/gb/09225450,None,"2 Estuary Boulevard, Estuary Commerce Park",Liverpool,L24 8RF,Not known,United Kingdom,2302,0,Organisation
None,None,False,Active,https://beta.companieshouse.gov.uk/company/RS007042,GB,METROPOLITAN SUPPORT TRUST LIMITED,RS007042,Not known,Registered society,https://opencorporates.com/companies/gb/RS007042,None,Not known,Not known,Not known,Not known,Not known,2315,0,Organisation
None,2015-02-17,False,Active,https://beta.companieshouse.gov.uk/company/09444948,GB,OMEGA HOUSING ASSOCIATION,09444948,Not known,"Private limited by guarantee without share capital, use of 'Limited' exemption",https://opencorporates.com/companies/gb/09444948,"[{'ultimate_beneficial_owner': {'name': 'Ms Gabriellyn Laryea-Adu', 'opencorporates_url': 'https://opencorporates.com/placeholders/106909633'}}]",47 West Drayton Road,Hillingdon,UB8 3LB,Not known,United Kingdom,2316,0,Organisation
None,2015-05-18,False,Dissolved,https://beta.companieshouse.gov.uk/company/09596741,GB,GRIMALDI DEVELOPMENT COMPANY LIMITED,09596741,Not known,Private Limited Company,https://opencorporates.com/companies/gb/09596741,None,"Two, Pancras Square",London,N1C 4AG,Not known,England,2318,0,Organisation
None,2015-09-16,False,Active,https://beta.companieshouse.gov.uk/company/09781172,GB,CIRCLE ANGLIA SOCIAL HOUSING 2 PLC,09781172,Not known,Public Limited Company,https://opencorporates.com/companies/gb/09781172,None,"Level 6, 6 More London Place",London,SE1 2DA,Not known,England,2326,0,Organisation
None,2015-12-03,False,Active,https://beta.companieshouse.gov.uk/company/09901600,GB,PLACES FOR PEOPLE PLACEMAKING & REGENERATION LIMITED,09901600,Not known,Private Limited Company,https://opencorporates.com/companies/gb/09901600,None,80 Cheapside,London,EC2V 6EE,Not known,United Kingdom,2339,0,Organisation
None,None,False,Active,https://beta.companieshouse.gov.uk/company/RS007223,GB,PEABODY TRUST 2018,RS007223,Not known,Registered society,https://opencorporates.com/companies/gb/RS007223,None,Not known,Not known,Not known,Not known,Not known,2347,0,Organisation
None,2016-10-28,False,Active,https://beta.companieshouse.gov.uk/company/10451754,GB,PLACES FOR PEOPLE FINANCE PLC,10451754,Not known,Public Limited Company,https://opencorporates.com/companies/gb/10451754,None,80 Cheapside,London,EC2V 6EE,Not known,United Kingdom,2348,0,Organisation
None,2016-11-25,False,Dissolved,https://beta.companieshouse.gov.uk/company/10496999,GB,PA HOUSING LIMITED,10496999,Not known,Private Limited Company,https://opencorporates.com/companies/gb/10496999,None,"Third Floor, Pentagon House, 52-54 Southwark Street",London,SE1 1UN,Not known,England,2360,0,Organisation
None,None,False,Converted / Closed,https://beta.companieshouse.gov.uk/company/RS007475,GB,OLD FORD HOUSING ASSOCIATION LIMITED,RS007475,Not known,Registered society,https://opencorporates.com/companies/gb/RS007475,None,Not known,Not known,Not known,Not known,Not known,2363,0,Organisation
None,None,None,Not known,https://beta.companieshouse.gov.uk/company/RS007536,GB,PARAGON ASRA HOUSING LIMITED,RS007536,Not known,Registered society,https://opencorporates.com/companies/gb/RS007536,None,Not known,Not known,Not known,Not known,Not known,2364,0,Organisation
